BatteryLevel,"pTimeStamp,latitude,longitude,age,device_guid,accuracy,location_type,course,speed,altitude,BatteryLevel","2012-10-03T11:13:09.000-0400",accuracy,age,altitude,course,,,,,,,,,"device_guid",,"ip-10-34-107-159",main,latitude,1,"location_type",longitude,pTimeStamp,",,,,,,,,,,","NYRR_2012_07_01_thru_2012_09_27.csv","csv-7",speed,"ip-10-34-107-159",,none,
45,"9/26/2012 11:58:13 PM,40.762437,-73.988013,0,30ca2642-aba7-7808-654b-26dbd96c0133,65,GPS,-1,-1,0,45","2012-09-26T23:58:13.000-0400",65,0,0,"-1",23,26,58,september,13,wednesday,2012,local,"30ca2642-aba7-7808-654b-26dbd96c0133",,"ip-10-34-107-159",main,"40.762437",1,GPS,"-73.988013","9/26/2012 11:58:13 PM","//_::_,.,-.,,----,,,-,-,,","NYRR_2012_07_01_thru_2012_09_27.csv","csv-7","-1","ip-10-34-107-159",21,,0
27,"9/26/2012 11:57:46 PM,43.7029284,-79.3784065,0,74ddfbc3-f1cc-69ff-cfe2-c9f7d46e9aaeb296,30,GPS,0,0,0,27","2012-09-26T23:57:46.000-0400",30,0,0,0,23,26,57,september,46,wednesday,2012,local,"74ddfbc3-f1cc-69ff-cfe2-c9f7d46e9aaeb296",,"ip-10-34-107-159",main,"43.7029284",1,GPS,"-79.3784065","9/26/2012 11:57:46 PM","//_::_,.,-.,,----,,,,,,","NYRR_2012_07_01_thru_2012_09_27.csv","csv-7",0,"ip-10-34-107-159",21,,0
70,"9/26/2012 11:55:28 PM,40.66544,-73.938285,0,428dfe85-1303-a418-a693-ccf9ea247e15,30,GPS,-1,0,88,70","2012-09-26T23:55:28.000-0400",30,0,88,"-1",23,26,55,september,28,wednesday,2012,local,"428dfe85-1303-a418-a693-ccf9ea247e15",,"ip-10-34-107-159",main,"40.66544",1,GPS,"-73.938285","9/26/2012 11:55:28 PM","//_::_,.,-.,,----,,,-,,,","NYRR_2012_07_01_thru_2012_09_27.csv","csv-7",0,"ip-10-34-107-159",21,,0
90,"9/26/2012 11:54:50 PM,40.94617277,-73.73910061,0,6d391e86-9b0f-c532-31cd-c1afc8e288ec,30,WIFI,-1,-1,0,90","2012-09-26T23:54:50.000-0400",30,0,0,"-1",23,26,54,september,50,wednesday,2012,local,"6d391e86-9b0f-c532-31cd-c1afc8e288ec",,"ip-10-34-107-159",main,"40.94617277",1,WIFI,"-73.73910061","9/26/2012 11:54:50 PM","//_::_,.,-.,,----,,,-,-,,","NYRR_2012_07_01_thru_2012_09_27.csv","csv-7","-1","ip-10-34-107-159",21,,0
40,"9/26/2012 11:54:32 PM,40.60786794,-74.1486544,0,764b41f1-e339-8eb7-3fd3-924a0d98a334,30,WIFI,-1,-1,0,40","2012-09-26T23:54:32.000-0400",30,0,0,"-1",23,26,54,september,32,wednesday,2012,local,"764b41f1-e339-8eb7-3fd3-924a0d98a334",,"ip-10-34-107-159",main,"40.60786794",1,WIFI,"-74.1486544","9/26/2012 11:54:32 PM","//_::_,.,-.,,----,,,-,-,,","NYRR_2012_07_01_thru_2012_09_27.csv","csv-7","-1","ip-10-34-107-159",21,,0
40,"9/26/2012 11:53:23 PM,29.761497,-95.420126,0,6e551cf9-a8ee-361b-7969-08422cf2e377,10,GPS,-1,0,25,40","2012-09-26T23:53:23.000-0400",10,0,25,"-1",23,26,53,september,23,wednesday,2012,local,"6e551cf9-a8ee-361b-7969-08422cf2e377",,"ip-10-34-107-159",main,"29.761497",1,GPS,"-95.420126","9/26/2012 11:53:23 PM","//_::_,.,-.,,----,,,-,,,","NYRR_2012_07_01_thru_2012_09_27.csv","csv-7",0,"ip-10-34-107-159",21,,0
27,"9/26/2012 11:52:46 PM,43.7030059,-79.3784754,0,74ddfbc3-f1cc-69ff-cfe2-c9f7d46e9aaeb296,24,GPS,0,0,0,27","2012-09-26T23:52:46.000-0400",24,0,0,0,23,26,52,september,46,wednesday,2012,local,"74ddfbc3-f1cc-69ff-cfe2-c9f7d46e9aaeb296",,"ip-10-34-107-159",main,"43.7030059",1,GPS,"-79.3784754","9/26/2012 11:52:46 PM","//_::_,.,-.,,----,,,,,,","NYRR_2012_07_01_thru_2012_09_27.csv","csv-7",0,"ip-10-34-107-159",21,,0
27,"9/26/2012 11:47:46 PM,43.7030057,-79.3784725,0,74ddfbc3-f1cc-69ff-cfe2-c9f7d46e9aaeb296,23,GPS,0,0,0,27","2012-09-26T23:47:46.000-0400",23,0,0,0,23,26,47,september,46,wednesday,2012,local,"74ddfbc3-f1cc-69ff-cfe2-c9f7d46e9aaeb296",,"ip-10-34-107-159",main,"43.7030057",1,GPS,"-79.3784725","9/26/2012 11:47:46 PM","//_::_,.,-.,,----,,,,,,","NYRR_2012_07_01_thru_2012_09_27.csv","csv-7",0,"ip-10-34-107-159",21,,0
70,"9/26/2012 11:46:08 PM,33.962978,-84.324543,0,15a3e25a-a3cf-80a6-e7e4-f172c15e4949,30,GPS,-1,0,336,70","2012-09-26T23:46:08.000-0400",30,0,336,"-1",23,26,46,september,8,wednesday,2012,local,"15a3e25a-a3cf-80a6-e7e4-f172c15e4949",,"ip-10-34-107-159",main,"33.962978",1,GPS,"-84.324543","9/26/2012 11:46:08 PM","//_::_,.,-.,,----,,,-,,,","NYRR_2012_07_01_thru_2012_09_27.csv","csv-7",0,"ip-10-34-107-159",21,,0
55,"9/26/2012 11:46:05 PM,40.731739,-73.982549,0,9c0ee445-0ee0-40c6-05a5-60a7ca959f10,50,GPS,-1,0,75,55","2012-09-26T23:46:05.000-0400",50,0,75,"-1",23,26,46,september,5,wednesday,2012,local,"9c0ee445-0ee0-40c6-05a5-60a7ca959f10",,"ip-10-34-107-159",main,"40.731739",1,GPS,"-73.982549","9/26/2012 11:46:05 PM","//_::_,.,-.,,----,,,-,,,","NYRR_2012_07_01_thru_2012_09_27.csv","csv-7",0,"ip-10-34-107-159",21,,0
100,"9/26/2012 11:45:00 PM,-40.905219,174.980713,0,d02b97ee-9864-e05c-a7ec-3ce18151593d,10,GPS,-1,-1,9,100","2012-09-26T23:45:00.000-0400",10,0,9,"-1",23,26,45,september,0,wednesday,2012,local,"d02b97ee-9864-e05c-a7ec-3ce18151593d",,"ip-10-34-107-159",main,"-40.905219",1,GPS,"174.980713","9/26/2012 11:45:00 PM","//_::_,-.,.,,----,,,-,-,,","NYRR_2012_07_01_thru_2012_09_27.csv","csv-7","-1","ip-10-34-107-159",21,,0
27,"9/26/2012 11:42:46 PM,43.702929,-79.3784073,0,74ddfbc3-f1cc-69ff-cfe2-c9f7d46e9aaeb296,30,GPS,0,0,0,27","2012-09-26T23:42:46.000-0400",30,0,0,0,23,26,42,september,46,wednesday,2012,local,"74ddfbc3-f1cc-69ff-cfe2-c9f7d46e9aaeb296",,"ip-10-34-107-159",main,"43.702929",1,GPS,"-79.3784073","9/26/2012 11:42:46 PM","//_::_,.,-.,,----,,,,,,","NYRR_2012_07_01_thru_2012_09_27.csv","csv-7",0,"ip-10-34-107-159",21,,0
25,"9/26/2012 11:42:34 PM,-34.897115,138.602077,0,08d18e77-cbb6-8e5a-f70e-5afd72bc65b5,10,GPS,-1,0,51,25","2012-09-26T23:42:34.000-0400",10,0,51,"-1",23,26,42,september,34,wednesday,2012,local,"08d18e77-cbb6-8e5a-f70e-5afd72bc65b5",,"ip-10-34-107-159",main,"-34.897115",1,GPS,"138.602077","9/26/2012 11:42:34 PM","//_::_,-.,.,,----,,,-,,,","NYRR_2012_07_01_thru_2012_09_27.csv","csv-7",0,"ip-10-34-107-159",21,,0
30,"9/26/2012 11:42:07 PM,-37.707684,176.147565,0,2dfcf448-c7a3-7f9c-c25b-35b3abaa2eb2,30,WIFI,-1,-1,0,30","2012-09-26T23:42:07.000-0400",30,0,0,"-1",23,26,42,september,7,wednesday,2012,local,"2dfcf448-c7a3-7f9c-c25b-35b3abaa2eb2",,"ip-10-34-107-159",main,"-37.707684",1,WIFI,"176.147565","9/26/2012 11:42:07 PM","//_::_,-.,.,,----,,,-,-,,","NYRR_2012_07_01_thru_2012_09_27.csv","csv-7","-1","ip-10-34-107-159",21,,0
35,"9/26/2012 11:40:11 PM,51.510432,-0.126593,0,16310cc4-c212-a440-2484-89136020f37e,65,GPS,-1,-1,38,35","2012-09-26T23:40:11.000-0400",65,0,38,"-1",23,26,40,september,11,wednesday,2012,local,"16310cc4-c212-a440-2484-89136020f37e",,"ip-10-34-107-159",main,"51.510432",1,GPS,"-0.126593","9/26/2012 11:40:11 PM","//_::_,.,-.,,----,,,-,-,,","NYRR_2012_07_01_thru_2012_09_27.csv","csv-7","-1","ip-10-34-107-159",21,,0
27,"9/26/2012 11:37:46 PM,43.7030059,-79.3784754,0,74ddfbc3-f1cc-69ff-cfe2-c9f7d46e9aaeb296,24,GPS,0,0,0,27","2012-09-26T23:37:46.000-0400",24,0,0,0,23,26,37,september,46,wednesday,2012,local,"74ddfbc3-f1cc-69ff-cfe2-c9f7d46e9aaeb296",,"ip-10-34-107-159",main,"43.7030059",1,GPS,"-79.3784754","9/26/2012 11:37:46 PM","//_::_,.,-.,,----,,,,,,","NYRR_2012_07_01_thru_2012_09_27.csv","csv-7",0,"ip-10-34-107-159",21,,0
27,"9/26/2012 11:32:46 PM,43.7030059,-79.3784754,0,74ddfbc3-f1cc-69ff-cfe2-c9f7d46e9aaeb296,24,GPS,0,0,0,27","2012-09-26T23:32:46.000-0400",24,0,0,0,23,26,32,september,46,wednesday,2012,local,"74ddfbc3-f1cc-69ff-cfe2-c9f7d46e9aaeb296",,"ip-10-34-107-159",main,"43.7030059",1,GPS,"-79.3784754","9/26/2012 11:32:46 PM","//_::_,.,-.,,----,,,,,,","NYRR_2012_07_01_thru_2012_09_27.csv","csv-7",0,"ip-10-34-107-159",21,,0
95,"9/26/2012 11:31:35 PM,-33.407754,-70.598302,0,e4f46716-b51f-2e78-7015-e90bc8eb0fed,75,GPS,-1,-1,637,95","2012-09-26T23:31:35.000-0400",75,0,637,"-1",23,26,31,september,35,wednesday,2012,local,"e4f46716-b51f-2e78-7015-e90bc8eb0fed",,"ip-10-34-107-159",main,"-33.407754",1,GPS,"-70.598302","9/26/2012 11:31:35 PM","//_::_,-.,-.,,----,,,-,-,,","NYRR_2012_07_01_thru_2012_09_27.csv","csv-7","-1","ip-10-34-107-159",21,,0
15,"9/26/2012 11:30:19 PM,40.724433,-73.952688,0,210bc1ff-c14a-d63f-cffb-fd1feca98fdc,30,GPS,-1,0,30,15","2012-09-26T23:30:19.000-0400",30,0,30,"-1",23,26,30,september,19,wednesday,2012,local,"210bc1ff-c14a-d63f-cffb-fd1feca98fdc",,"ip-10-34-107-159",main,"40.724433",1,GPS,"-73.952688","9/26/2012 11:30:19 PM","//_::_,.,-.,,----,,,-,,,","NYRR_2012_07_01_thru_2012_09_27.csv","csv-7",0,"ip-10-34-107-159",21,,0
55,"9/26/2012 11:30:11 PM,32.939432,-96.746203,0,9d222d46-9710-5cb3-0d4b-e4b518e78f90,30,GPS,49,11,61,55","2012-09-26T23:30:11.000-0400",30,0,61,49,23,26,30,september,11,wednesday,2012,local,"9d222d46-9710-5cb3-0d4b-e4b518e78f90",,"ip-10-34-107-159",main,"32.939432",1,GPS,"-96.746203","9/26/2012 11:30:11 PM","//_::_,.,-.,,----,,,,,,","NYRR_2012_07_01_thru_2012_09_27.csv","csv-7",11,"ip-10-34-107-159",21,,0
100,"9/26/2012 11:30:02 PM,-40.905377,174.98076,0,d02b97ee-9864-e05c-a7ec-3ce18151593d,30,GPS,-1,0,80,100","2012-09-26T23:30:02.000-0400",30,0,80,"-1",23,26,30,september,2,wednesday,2012,local,"d02b97ee-9864-e05c-a7ec-3ce18151593d",,"ip-10-34-107-159",main,"-40.905377",1,GPS,"174.98076","9/26/2012 11:30:02 PM","//_::_,-.,.,,----,,,-,,,","NYRR_2012_07_01_thru_2012_09_27.csv","csv-7",0,"ip-10-34-107-159",21,,0
27,"9/26/2012 11:27:46 PM,43.702946,-79.3784604,0,74ddfbc3-f1cc-69ff-cfe2-c9f7d46e9aaeb296,33,GPS,0,0,0,27","2012-09-26T23:27:46.000-0400",33,0,0,0,23,26,27,september,46,wednesday,2012,local,"74ddfbc3-f1cc-69ff-cfe2-c9f7d46e9aaeb296",,"ip-10-34-107-159",main,"43.702946",1,GPS,"-79.3784604","9/26/2012 11:27:46 PM","//_::_,.,-.,,----,,,,,,","NYRR_2012_07_01_thru_2012_09_27.csv","csv-7",0,"ip-10-34-107-159",21,,0
70,"9/26/2012 11:27:36 PM,40.954763,-74.067916,0,3d308e0d-3e83-7707-57c2-b607b2a64dce,65,GPS,-1,-1,29,70","2012-09-26T23:27:36.000-0400",65,0,29,"-1",23,26,27,september,36,wednesday,2012,local,"3d308e0d-3e83-7707-57c2-b607b2a64dce",,"ip-10-34-107-159",main,"40.954763",1,GPS,"-74.067916","9/26/2012 11:27:36 PM","//_::_,.,-.,,----,,,-,-,,","NYRR_2012_07_01_thru_2012_09_27.csv","csv-7","-1","ip-10-34-107-159",21,,0
95,"9/26/2012 11:27:01 PM,40.669912,-73.676394,0,3efe0550-f9c5-14f3-3a12-7f80dac1990e,72,GPS,-1,-1,21,95","2012-09-26T23:27:01.000-0400",72,0,21,"-1",23,26,27,september,1,wednesday,2012,local,"3efe0550-f9c5-14f3-3a12-7f80dac1990e",,"ip-10-34-107-159",main,"40.669912",1,GPS,"-73.676394","9/26/2012 11:27:01 PM","//_::_,.,-.,,----,,,-,-,,","NYRR_2012_07_01_thru_2012_09_27.csv","csv-7","-1","ip-10-34-107-159",21,,0
10,"9/26/2012 11:26:46 PM,35.777233,-78.875203,0,72bb3601-bb85-b5fd-7d98-64aefa0b8619,30,GPS,-1,0,133,10","2012-09-26T23:26:46.000-0400",30,0,133,"-1",23,26,26,september,46,wednesday,2012,local,"72bb3601-bb85-b5fd-7d98-64aefa0b8619",,"ip-10-34-107-159",main,"35.777233",1,GPS,"-78.875203","9/26/2012 11:26:46 PM","//_::_,.,-.,,----,,,-,,,","NYRR_2012_07_01_thru_2012_09_27.csv","csv-7",0,"ip-10-34-107-159",21,,0
40,"9/26/2012 11:26:25 PM,40.798657,-74.211175,0,afefafd1-2f95-049f-639a-a844a99a4b05,30,WIFI,0,0,0,40","2012-09-26T23:26:25.000-0400",30,0,0,0,23,26,26,september,25,wednesday,2012,local,"afefafd1-2f95-049f-639a-a844a99a4b05",,"ip-10-34-107-159",main,"40.798657",1,WIFI,"-74.211175","9/26/2012 11:26:25 PM","//_::_,.,-.,,----,,,,,,","NYRR_2012_07_01_thru_2012_09_27.csv","csv-7",0,"ip-10-34-107-159",21,,0
50,"9/26/2012 11:26:09 PM,40.738721,-74.067511,0,b6546845-3253-3e9f-a992-344b96caebd2,65,GPS,-1,-1,41,50","2012-09-26T23:26:09.000-0400",65,0,41,"-1",23,26,26,september,9,wednesday,2012,local,"b6546845-3253-3e9f-a992-344b96caebd2",,"ip-10-34-107-159",main,"40.738721",1,GPS,"-74.067511","9/26/2012 11:26:09 PM","//_::_,.,-.,,----,,,-,-,,","NYRR_2012_07_01_thru_2012_09_27.csv","csv-7","-1","ip-10-34-107-159",21,,0
100,"9/26/2012 11:23:59 PM,42.7536895,13.96583958,0,a31d94b5-a5bb-abfd-9100-20ed7a965775,30,WIFI,-1,-1,0,100","2012-09-26T23:23:59.000-0400",30,0,0,"-1",23,26,23,september,59,wednesday,2012,local,"a31d94b5-a5bb-abfd-9100-20ed7a965775",,"ip-10-34-107-159",main,"42.7536895",1,WIFI,"13.96583958","9/26/2012 11:23:59 PM","//_::_,.,.,,----,,,-,-,,","NYRR_2012_07_01_thru_2012_09_27.csv","csv-7","-1","ip-10-34-107-159",21,,0
40,"9/26/2012 11:23:23 PM,51.603683,-0.379839,0,56164320-b244-fca4-9a99-0d6fb7d93f4a,30,GPS,-1,0,98,40","2012-09-26T23:23:23.000-0400",30,0,98,"-1",23,26,23,september,23,wednesday,2012,local,"56164320-b244-fca4-9a99-0d6fb7d93f4a",,"ip-10-34-107-159",main,"51.603683",1,GPS,"-0.379839","9/26/2012 11:23:23 PM","//_::_,.,-.,,----,,,-,,,","NYRR_2012_07_01_thru_2012_09_27.csv","csv-7",0,"ip-10-34-107-159",21,,0
27,"9/26/2012 11:22:46 PM,43.7030059,-79.3784754,0,74ddfbc3-f1cc-69ff-cfe2-c9f7d46e9aaeb296,24,GPS,0,0,0,27","2012-09-26T23:22:46.000-0400",24,0,0,0,23,26,22,september,46,wednesday,2012,local,"74ddfbc3-f1cc-69ff-cfe2-c9f7d46e9aaeb296",,"ip-10-34-107-159",main,"43.7030059",1,GPS,"-79.3784754","9/26/2012 11:22:46 PM","//_::_,.,-.,,----,,,,,,","NYRR_2012_07_01_thru_2012_09_27.csv","csv-7",0,"ip-10-34-107-159",21,,0
27,"9/26/2012 11:22:45 PM,43.7030059,-79.3784754,0,74ddfbc3-f1cc-69ff-cfe2-c9f7d46e9aaeb296,24,GPS,0,0,0,27","2012-09-26T23:22:45.000-0400",24,0,0,0,23,26,22,september,45,wednesday,2012,local,"74ddfbc3-f1cc-69ff-cfe2-c9f7d46e9aaeb296",,"ip-10-34-107-159",main,"43.7030059",1,GPS,"-79.3784754","9/26/2012 11:22:45 PM","//_::_,.,-.,,----,,,,,,","NYRR_2012_07_01_thru_2012_09_27.csv","csv-7",0,"ip-10-34-107-159",21,,0
35,"9/26/2012 11:22:07 PM,-37.707684,176.147565,0,2dfcf448-c7a3-7f9c-c25b-35b3abaa2eb2,30,WIFI,-1,-1,0,35","2012-09-26T23:22:07.000-0400",30,0,0,"-1",23,26,22,september,7,wednesday,2012,local,"2dfcf448-c7a3-7f9c-c25b-35b3abaa2eb2",,"ip-10-34-107-159",main,"-37.707684",1,WIFI,"176.147565","9/26/2012 11:22:07 PM","//_::_,-.,.,,----,,,-,-,,","NYRR_2012_07_01_thru_2012_09_27.csv","csv-7","-1","ip-10-34-107-159",21,,0
50,"9/26/2012 11:19:47 PM,38.841777,-106.134561,0,5244c11c-ba5a-2cec-4395-884935a1c6b2,10,GPS,-1,-1,2430,50","2012-09-26T23:19:47.000-0400",10,0,2430,"-1",23,26,19,september,47,wednesday,2012,local,"5244c11c-ba5a-2cec-4395-884935a1c6b2",,"ip-10-34-107-159",main,"38.841777",1,GPS,"-106.134561","9/26/2012 11:19:47 PM","//_::_,.,-.,,----,,,-,-,,","NYRR_2012_07_01_thru_2012_09_27.csv","csv-7","-1","ip-10-34-107-159",21,,0
95,"9/26/2012 11:19:47 PM,40.683942,-73.632758,0,51c08de0-de38-16d1-ed00-1c9ed5881686,10,GPS,-1,0,50,95","2012-09-26T23:19:47.000-0400",10,0,50,"-1",23,26,19,september,47,wednesday,2012,local,"51c08de0-de38-16d1-ed00-1c9ed5881686",,"ip-10-34-107-159",main,"40.683942",1,GPS,"-73.632758","9/26/2012 11:19:47 PM","//_::_,.,-.,,----,,,-,,,","NYRR_2012_07_01_thru_2012_09_27.csv","csv-7",0,"ip-10-34-107-159",21,,0
27,"9/26/2012 11:17:45 PM,43.703006,-79.3784751,0,74ddfbc3-f1cc-69ff-cfe2-c9f7d46e9aaeb296,25,GPS,0,0,0,27","2012-09-26T23:17:45.000-0400",25,0,0,0,23,26,17,september,45,wednesday,2012,local,"74ddfbc3-f1cc-69ff-cfe2-c9f7d46e9aaeb296",,"ip-10-34-107-159",main,"43.703006",1,GPS,"-79.3784751","9/26/2012 11:17:45 PM","//_::_,.,-.,,----,,,,,,","NYRR_2012_07_01_thru_2012_09_27.csv","csv-7",0,"ip-10-34-107-159",21,,0
0,"9/26/2012 11:16:52 PM,42.979098,-78.78294,0,802e28a0-3980-7e41-184a-6e1225205f6e,30,GPS,-1,0,280,0","2012-09-26T23:16:52.000-0400",30,0,280,"-1",23,26,16,september,52,wednesday,2012,local,"802e28a0-3980-7e41-184a-6e1225205f6e",,"ip-10-34-107-159",main,"42.979098",1,GPS,"-78.78294","9/26/2012 11:16:52 PM","//_::_,.,-.,,----,,,-,,,","NYRR_2012_07_01_thru_2012_09_27.csv","csv-7",0,"ip-10-34-107-159",21,,0
100,"9/26/2012 11:15:00 PM,-40.905131,174.980756,0,d02b97ee-9864-e05c-a7ec-3ce18151593d,30,GPS,-1,-1,8,100","2012-09-26T23:15:00.000-0400",30,0,8,"-1",23,26,15,september,0,wednesday,2012,local,"d02b97ee-9864-e05c-a7ec-3ce18151593d",,"ip-10-34-107-159",main,"-40.905131",1,GPS,"174.980756","9/26/2012 11:15:00 PM","//_::_,-.,.,,----,,,-,-,,","NYRR_2012_07_01_thru_2012_09_27.csv","csv-7","-1","ip-10-34-107-159",21,,0
28,"9/26/2012 11:12:45 PM,43.7029479,-79.3784595,0,74ddfbc3-f1cc-69ff-cfe2-c9f7d46e9aaeb296,35,GPS,0,0,0,28","2012-09-26T23:12:45.000-0400",35,0,0,0,23,26,12,september,45,wednesday,2012,local,"74ddfbc3-f1cc-69ff-cfe2-c9f7d46e9aaeb296",,"ip-10-34-107-159",main,"43.7029479",1,GPS,"-79.3784595","9/26/2012 11:12:45 PM","//_::_,.,-.,,----,,,,,,","NYRR_2012_07_01_thru_2012_09_27.csv","csv-7",0,"ip-10-34-107-159",21,,0
100,"9/26/2012 11:12:27 PM,55.743612,12.58302,0,951c6264-33cc-180c-685e-db6783282827,30,GPS,-1,0,0,100","2012-09-26T23:12:27.000-0400",30,0,0,"-1",23,26,12,september,27,wednesday,2012,local,"951c6264-33cc-180c-685e-db6783282827",,"ip-10-34-107-159",main,"55.743612",1,GPS,"12.58302","9/26/2012 11:12:27 PM","//_::_,.,.,,----,,,-,,,","NYRR_2012_07_01_thru_2012_09_27.csv","csv-7",0,"ip-10-34-107-159",21,,0
85,"9/26/2012 11:11:55 PM,40.759576,-73.994957,0,f761440e-918f-eb27-4f67-7bb255eaca2d,30,GPS,-1,0,91,85","2012-09-26T23:11:55.000-0400",30,0,91,"-1",23,26,11,september,55,wednesday,2012,local,"f761440e-918f-eb27-4f67-7bb255eaca2d",,"ip-10-34-107-159",main,"40.759576",1,GPS,"-73.994957","9/26/2012 11:11:55 PM","//_::_,.,-.,,----,,,-,,,","NYRR_2012_07_01_thru_2012_09_27.csv","csv-7",0,"ip-10-34-107-159",21,,0
65,"9/26/2012 11:11:40 PM,47.613275,-122.347841,0,fffbbca2-70e9-9196-71af-c68484028cd7,65,GPS,-1,-1,31,65","2012-09-26T23:11:40.000-0400",65,0,31,"-1",23,26,11,september,40,wednesday,2012,local,"fffbbca2-70e9-9196-71af-c68484028cd7",,"ip-10-34-107-159",main,"47.613275",1,GPS,"-122.347841","9/26/2012 11:11:40 PM","//_::_,.,-.,,----,,,-,-,,","NYRR_2012_07_01_thru_2012_09_27.csv","csv-7","-1","ip-10-34-107-159",21,,0
95,"9/26/2012 11:08:46 PM,57.617819,11.778812,0,ceca8606-129b-30da-2bd8-fef30042f917,30,GPS,-1,0,47,95","2012-09-26T23:08:46.000-0400",30,0,47,"-1",23,26,8,september,46,wednesday,2012,local,"ceca8606-129b-30da-2bd8-fef30042f917",,"ip-10-34-107-159",main,"57.617819",1,GPS,"11.778812","9/26/2012 11:08:46 PM","//_::_,.,.,,----,,,-,,,","NYRR_2012_07_01_thru_2012_09_27.csv","csv-7",0,"ip-10-34-107-159",21,,0
95,"9/26/2012 11:08:46 PM,51.481351,-0.430767,0,43e56333-4070-edff-aa01-c99ca238c365,30,GPS,-1,0,0,95","2012-09-26T23:08:46.000-0400",30,0,0,"-1",23,26,8,september,46,wednesday,2012,local,"43e56333-4070-edff-aa01-c99ca238c365",,"ip-10-34-107-159",main,"51.481351",1,GPS,"-0.430767","9/26/2012 11:08:46 PM","//_::_,.,-.,,----,,,-,,,","NYRR_2012_07_01_thru_2012_09_27.csv","csv-7",0,"ip-10-34-107-159",21,,0
28,"9/26/2012 11:07:45 PM,43.7030061,-79.3784738,0,74ddfbc3-f1cc-69ff-cfe2-c9f7d46e9aaeb296,23,GPS,0,0,0,28","2012-09-26T23:07:45.000-0400",23,0,0,0,23,26,7,september,45,wednesday,2012,local,"74ddfbc3-f1cc-69ff-cfe2-c9f7d46e9aaeb296",,"ip-10-34-107-159",main,"43.7030061",1,GPS,"-79.3784738","9/26/2012 11:07:45 PM","//_::_,.,-.,,----,,,,,,","NYRR_2012_07_01_thru_2012_09_27.csv","csv-7",0,"ip-10-34-107-159",21,,0
85,"9/26/2012 11:06:32 PM,40.708313,-73.830404,0,09f86051-33a4-72b7-69f2-c76c4e8f1e2e,30,GPS,-1,0,28,85","2012-09-26T23:06:32.000-0400",30,0,28,"-1",23,26,6,september,32,wednesday,2012,local,"09f86051-33a4-72b7-69f2-c76c4e8f1e2e",,"ip-10-34-107-159",main,"40.708313",1,GPS,"-73.830404","9/26/2012 11:06:32 PM","//_::_,.,-.,,----,,,-,,,","NYRR_2012_07_01_thru_2012_09_27.csv","csv-7",0,"ip-10-34-107-159",21,,0
65,"9/26/2012 11:03:33 PM,40.640781,-76.164569,0,1cbcd8c5-4501-922c-243f-68b13fb7cb93,69,GPS,-1,-1,0,65","2012-09-26T23:03:33.000-0400",69,0,0,"-1",23,26,3,september,33,wednesday,2012,local,"1cbcd8c5-4501-922c-243f-68b13fb7cb93",,"ip-10-34-107-159",main,"40.640781",1,GPS,"-76.164569","9/26/2012 11:03:33 PM","//_::_,.,-.,,----,,,-,-,,","NYRR_2012_07_01_thru_2012_09_27.csv","csv-7","-1","ip-10-34-107-159",21,,0
28,"9/26/2012 11:02:45 PM,43.7030058,-79.3784751,0,74ddfbc3-f1cc-69ff-cfe2-c9f7d46e9aaeb296,25,GPS,0,0,0,28","2012-09-26T23:02:45.000-0400",25,0,0,0,23,26,2,september,45,wednesday,2012,local,"74ddfbc3-f1cc-69ff-cfe2-c9f7d46e9aaeb296",,"ip-10-34-107-159",main,"43.7030058",1,GPS,"-79.3784751","9/26/2012 11:02:45 PM","//_::_,.,-.,,----,,,,,,","NYRR_2012_07_01_thru_2012_09_27.csv","csv-7",0,"ip-10-34-107-159",21,,0
30,"9/26/2012 11:02:07 PM,45.44831,9.19734,0,384a58e5-3fa9-f678-c796-95edb3479710,10,GPS,-1,0,123,30","2012-09-26T23:02:07.000-0400",10,0,123,"-1",23,26,2,september,7,wednesday,2012,local,"384a58e5-3fa9-f678-c796-95edb3479710",,"ip-10-34-107-159",main,"45.44831",1,GPS,"9.19734","9/26/2012 11:02:07 PM","//_::_,.,.,,----,,,-,,,","NYRR_2012_07_01_thru_2012_09_27.csv","csv-7",0,"ip-10-34-107-159",21,,0
40,"9/26/2012 11:02:07 PM,-37.707686,176.147622,0,2dfcf448-c7a3-7f9c-c25b-35b3abaa2eb2,30,WIFI,-1,-1,0,40","2012-09-26T23:02:07.000-0400",30,0,0,"-1",23,26,2,september,7,wednesday,2012,local,"2dfcf448-c7a3-7f9c-c25b-35b3abaa2eb2",,"ip-10-34-107-159",main,"-37.707686",1,WIFI,"176.147622","9/26/2012 11:02:07 PM","//_::_,-.,.,,----,,,-,-,,","NYRR_2012_07_01_thru_2012_09_27.csv","csv-7","-1","ip-10-34-107-159",21,,0
100,"9/26/2012 11:00:00 PM,-40.905285,174.980734,0,d02b97ee-9864-e05c-a7ec-3ce18151593d,30,GPS,-1,-1,7,100","2012-09-26T23:00:00.000-0400",30,0,7,"-1",23,26,0,september,0,wednesday,2012,local,"d02b97ee-9864-e05c-a7ec-3ce18151593d",,"ip-10-34-107-159",main,"-40.905285",1,GPS,"174.980734","9/26/2012 11:00:00 PM","//_::_,-.,.,,----,,,-,-,,","NYRR_2012_07_01_thru_2012_09_27.csv","csv-7","-1","ip-10-34-107-159",21,,0
95,"9/26/2012 10:58:15 PM,45.73824,4.77315,0,1defa51c-c928-db85-24da-4d2a31fdd0f8,30,GPS,-1,0,197,95","2012-09-26T22:58:15.000-0400",30,0,197,"-1",22,26,58,september,15,wednesday,2012,local,"1defa51c-c928-db85-24da-4d2a31fdd0f8",,"ip-10-34-107-159",main,"45.73824",1,GPS,"4.77315","9/26/2012 10:58:15 PM","//_::_,.,.,,----,,,-,,,","NYRR_2012_07_01_thru_2012_09_27.csv","csv-7",0,"ip-10-34-107-159",21,,0
28,"9/26/2012 10:57:44 PM,43.7029258,-79.3784461,0,74ddfbc3-f1cc-69ff-cfe2-c9f7d46e9aaeb296,39,GPS,0,0,0,28","2012-09-26T22:57:44.000-0400",39,0,0,0,22,26,57,september,44,wednesday,2012,local,"74ddfbc3-f1cc-69ff-cfe2-c9f7d46e9aaeb296",,"ip-10-34-107-159",main,"43.7029258",1,GPS,"-79.3784461","9/26/2012 10:57:44 PM","//_::_,.,-.,,----,,,,,,","NYRR_2012_07_01_thru_2012_09_27.csv","csv-7",0,"ip-10-34-107-159",21,,0
5,"9/26/2012 10:57:28 PM,43.717009,-79.370739,0,a6d3cdaf-cf65-2002-a849-20398b7c3a92,30,GPS,-1,0,141,5","2012-09-26T22:57:28.000-0400",30,0,141,"-1",22,26,57,september,28,wednesday,2012,local,"a6d3cdaf-cf65-2002-a849-20398b7c3a92",,"ip-10-34-107-159",main,"43.717009",1,GPS,"-79.370739","9/26/2012 10:57:28 PM","//_::_,.,-.,,----,,,-,,,","NYRR_2012_07_01_thru_2012_09_27.csv","csv-7",0,"ip-10-34-107-159",21,,0
20,"9/26/2012 10:55:48 PM,26.89043375,-80.10335873,0,cd7c2dbc-96fb-5924-93ff-8a291b0cf12e,30,WIFI,0,0,0,20","2012-09-26T22:55:48.000-0400",30,0,0,0,22,26,55,september,48,wednesday,2012,local,"cd7c2dbc-96fb-5924-93ff-8a291b0cf12e",,"ip-10-34-107-159",main,"26.89043375",1,WIFI,"-80.10335873","9/26/2012 10:55:48 PM","//_::_,.,-.,,----,,,,,,","NYRR_2012_07_01_thru_2012_09_27.csv","csv-7",0,"ip-10-34-107-159",21,,0
85,"9/26/2012 10:54:51 PM,-37.816305,144.961543,0,44ae8e86-ece2-43bc-fba2-079dc94abd76,30,WIFI,-1,-1,0,85","2012-09-26T22:54:51.000-0400",30,0,0,"-1",22,26,54,september,51,wednesday,2012,local,"44ae8e86-ece2-43bc-fba2-079dc94abd76",,"ip-10-34-107-159",main,"-37.816305",1,WIFI,"144.961543","9/26/2012 10:54:51 PM","//_::_,-.,.,,----,,,-,-,,","NYRR_2012_07_01_thru_2012_09_27.csv","csv-7","-1","ip-10-34-107-159",21,,0
28,"9/26/2012 10:52:44 PM,43.7030048,-79.3784741,0,74ddfbc3-f1cc-69ff-cfe2-c9f7d46e9aaeb296,24,GPS,0,0,0,28","2012-09-26T22:52:44.000-0400",24,0,0,0,22,26,52,september,44,wednesday,2012,local,"74ddfbc3-f1cc-69ff-cfe2-c9f7d46e9aaeb296",,"ip-10-34-107-159",main,"43.7030048",1,GPS,"-79.3784741","9/26/2012 10:52:44 PM","//_::_,.,-.,,----,,,,,,","NYRR_2012_07_01_thru_2012_09_27.csv","csv-7",0,"ip-10-34-107-159",21,,0
60,"9/26/2012 10:49:28 PM,40.718403,-73.238445,0,0ae73684-2dbf-5032-71b3-bde750824a1e,10,GPS,-1,0,41,60","2012-09-26T22:49:28.000-0400",10,0,41,"-1",22,26,49,september,28,wednesday,2012,local,"0ae73684-2dbf-5032-71b3-bde750824a1e",,"ip-10-34-107-159",main,"40.718403",1,GPS,"-73.238445","9/26/2012 10:49:28 PM","//_::_,.,-.,,----,,,-,,,","NYRR_2012_07_01_thru_2012_09_27.csv","csv-7",0,"ip-10-34-107-159",21,,0
15,"9/26/2012 10:48:39 PM,18.340608,-66.063224,0,d3c01950-1488-0f87-8ce7-ffa4b4d7dd28,65,GPS,-1,-1,0,15","2012-09-26T22:48:39.000-0400",65,0,0,"-1",22,26,48,september,39,wednesday,2012,local,"d3c01950-1488-0f87-8ce7-ffa4b4d7dd28",,"ip-10-34-107-159",main,"18.340608",1,GPS,"-66.063224","9/26/2012 10:48:39 PM","//_::_,.,-.,,----,,,-,-,,","NYRR_2012_07_01_thru_2012_09_27.csv","csv-7","-1","ip-10-34-107-159",21,,0
28,"9/26/2012 10:47:43 PM,43.7030056,-79.3784757,0,74ddfbc3-f1cc-69ff-cfe2-c9f7d46e9aaeb296,25,GPS,0,0,0,28","2012-09-26T22:47:43.000-0400",25,0,0,0,22,26,47,september,43,wednesday,2012,local,"74ddfbc3-f1cc-69ff-cfe2-c9f7d46e9aaeb296",,"ip-10-34-107-159",main,"43.7030056",1,GPS,"-79.3784757","9/26/2012 10:47:43 PM","//_::_,.,-.,,----,,,,,,","NYRR_2012_07_01_thru_2012_09_27.csv","csv-7",0,"ip-10-34-107-159",21,,0
28,"9/26/2012 10:47:42 PM,43.7030056,-79.3784757,0,74ddfbc3-f1cc-69ff-cfe2-c9f7d46e9aaeb296,25,GPS,0,0,0,28","2012-09-26T22:47:42.000-0400",25,0,0,0,22,26,47,september,42,wednesday,2012,local,"74ddfbc3-f1cc-69ff-cfe2-c9f7d46e9aaeb296",,"ip-10-34-107-159",main,"43.7030056",1,GPS,"-79.3784757","9/26/2012 10:47:42 PM","//_::_,.,-.,,----,,,,,,","NYRR_2012_07_01_thru_2012_09_27.csv","csv-7",0,"ip-10-34-107-159",21,,0
70,"9/26/2012 10:46:34 PM,-22.966888,-43.17996,0,bf1280b0-2fad-93dd-0e10-505e7633a241,65,GPS,-1,-1,29,70","2012-09-26T22:46:34.000-0400",65,0,29,"-1",22,26,46,september,34,wednesday,2012,local,"bf1280b0-2fad-93dd-0e10-505e7633a241",,"ip-10-34-107-159",main,"-22.966888",1,GPS,"-43.17996","9/26/2012 10:46:34 PM","//_::_,-.,-.,,----,,,-,-,,","NYRR_2012_07_01_thru_2012_09_27.csv","csv-7","-1","ip-10-34-107-159",21,,0
100,"9/26/2012 10:45:02 PM,-40.905238,174.980677,0,d02b97ee-9864-e05c-a7ec-3ce18151593d,10,GPS,-1,-1,4,100","2012-09-26T22:45:02.000-0400",10,0,4,"-1",22,26,45,september,2,wednesday,2012,local,"d02b97ee-9864-e05c-a7ec-3ce18151593d",,"ip-10-34-107-159",main,"-40.905238",1,GPS,"174.980677","9/26/2012 10:45:02 PM","//_::_,-.,.,,----,,,-,-,,","NYRR_2012_07_01_thru_2012_09_27.csv","csv-7","-1","ip-10-34-107-159",21,,0
95,"9/26/2012 10:44:14 PM,47.046862,-122.893092,0,e2cb9965-b72d-3e68-15b7-33e321ad554c,5,GPS,182,2,5,95","2012-09-26T22:44:14.000-0400",5,0,5,182,22,26,44,september,14,wednesday,2012,local,"e2cb9965-b72d-3e68-15b7-33e321ad554c",,"ip-10-34-107-159",main,"47.046862",1,GPS,"-122.893092","9/26/2012 10:44:14 PM","//_::_,.,-.,,----,,,,,,","NYRR_2012_07_01_thru_2012_09_27.csv","csv-7",2,"ip-10-34-107-159",21,,0
28,"9/26/2012 10:42:42 PM,43.7027926,-79.3784245,0,74ddfbc3-f1cc-69ff-cfe2-c9f7d46e9aaeb296,35,GPS,0,0,0,28","2012-09-26T22:42:42.000-0400",35,0,0,0,22,26,42,september,42,wednesday,2012,local,"74ddfbc3-f1cc-69ff-cfe2-c9f7d46e9aaeb296",,"ip-10-34-107-159",main,"43.7027926",1,GPS,"-79.3784245","9/26/2012 10:42:42 PM","//_::_,.,-.,,----,,,,,,","NYRR_2012_07_01_thru_2012_09_27.csv","csv-7",0,"ip-10-34-107-159",21,,0
75,"9/26/2012 10:42:34 PM,27.891259,-82.669194,0,155c7d2b-d9b2-9ee2-27a2-6c1e8c0baa02,65,GPS,-1,-1,33,75","2012-09-26T22:42:34.000-0400",65,0,33,"-1",22,26,42,september,34,wednesday,2012,local,"155c7d2b-d9b2-9ee2-27a2-6c1e8c0baa02",,"ip-10-34-107-159",main,"27.891259",1,GPS,"-82.669194","9/26/2012 10:42:34 PM","//_::_,.,-.,,----,,,-,-,,","NYRR_2012_07_01_thru_2012_09_27.csv","csv-7","-1","ip-10-34-107-159",21,,0
40,"9/26/2012 10:42:07 PM,-37.707686,176.147622,0,2dfcf448-c7a3-7f9c-c25b-35b3abaa2eb2,30,WIFI,-1,-1,0,40","2012-09-26T22:42:07.000-0400",30,0,0,"-1",22,26,42,september,7,wednesday,2012,local,"2dfcf448-c7a3-7f9c-c25b-35b3abaa2eb2",,"ip-10-34-107-159",main,"-37.707686",1,WIFI,"176.147622","9/26/2012 10:42:07 PM","//_::_,-.,.,,----,,,-,-,,","NYRR_2012_07_01_thru_2012_09_27.csv","csv-7","-1","ip-10-34-107-159",21,,0
70,"9/26/2012 10:39:22 PM,45.594194,-122.51279,0,a87921e2-805d-0bac-1749-0b6f820c67d7,30,GPS,291,26,44,70","2012-09-26T22:39:22.000-0400",30,0,44,291,22,26,39,september,22,wednesday,2012,local,"a87921e2-805d-0bac-1749-0b6f820c67d7",,"ip-10-34-107-159",main,"45.594194",1,GPS,"-122.51279","9/26/2012 10:39:22 PM","//_::_,.,-.,,----,,,,,,","NYRR_2012_07_01_thru_2012_09_27.csv","csv-7",26,"ip-10-34-107-159",21,,0
15,"9/26/2012 10:39:16 PM,41.751111,-87.911765,0,ea7640d6-f454-6e85-32c1-dec224fbd518,30,GPS,-1,0,214,15","2012-09-26T22:39:16.000-0400",30,0,214,"-1",22,26,39,september,16,wednesday,2012,local,"ea7640d6-f454-6e85-32c1-dec224fbd518",,"ip-10-34-107-159",main,"41.751111",1,GPS,"-87.911765","9/26/2012 10:39:16 PM","//_::_,.,-.,,----,,,-,,,","NYRR_2012_07_01_thru_2012_09_27.csv","csv-7",0,"ip-10-34-107-159",21,,0
65,"9/26/2012 10:38:58 PM,-30.027288,-51.187968,0,023539c1-65a6-abf4-284f-cf09db4cf8c0,30,GPS,-1,-1,79,65","2012-09-26T22:38:58.000-0400",30,0,79,"-1",22,26,38,september,58,wednesday,2012,local,"023539c1-65a6-abf4-284f-cf09db4cf8c0",,"ip-10-34-107-159",main,"-30.027288",1,GPS,"-51.187968","9/26/2012 10:38:58 PM","//_::_,-.,-.,,----,,,-,-,,","NYRR_2012_07_01_thru_2012_09_27.csv","csv-7","-1","ip-10-34-107-159",21,,0
80,"9/26/2012 10:38:40 PM,40.679458,-73.500236,0,8889b3e1-2001-3ca7-5e69-044908c4d371,30,GPS,-1,0,19,80","2012-09-26T22:38:40.000-0400",30,0,19,"-1",22,26,38,september,40,wednesday,2012,local,"8889b3e1-2001-3ca7-5e69-044908c4d371",,"ip-10-34-107-159",main,"40.679458",1,GPS,"-73.500236","9/26/2012 10:38:40 PM","//_::_,.,-.,,----,,,-,,,","NYRR_2012_07_01_thru_2012_09_27.csv","csv-7",0,"ip-10-34-107-159",21,,0
80,"9/26/2012 10:38:16 PM,30.791178,-81.567442,0,66b6ec5f-134a-d8e2-a5a7-9d47877251f9,65,GPS,-1,-1,10,80","2012-09-26T22:38:16.000-0400",65,0,10,"-1",22,26,38,september,16,wednesday,2012,local,"66b6ec5f-134a-d8e2-a5a7-9d47877251f9",,"ip-10-34-107-159",main,"30.791178",1,GPS,"-81.567442","9/26/2012 10:38:16 PM","//_::_,.,-.,,----,,,-,-,,","NYRR_2012_07_01_thru_2012_09_27.csv","csv-7","-1","ip-10-34-107-159",21,,0
28,"9/26/2012 10:37:41 PM,43.7030061,-79.3784738,0,74ddfbc3-f1cc-69ff-cfe2-c9f7d46e9aaeb296,23,GPS,0,0,0,28","2012-09-26T22:37:41.000-0400",23,0,0,0,22,26,37,september,41,wednesday,2012,local,"74ddfbc3-f1cc-69ff-cfe2-c9f7d46e9aaeb296",,"ip-10-34-107-159",main,"43.7030061",1,GPS,"-79.3784738","9/26/2012 10:37:41 PM","//_::_,.,-.,,----,,,,,,","NYRR_2012_07_01_thru_2012_09_27.csv","csv-7",0,"ip-10-34-107-159",21,,0
45,"9/26/2012 10:36:38 PM,33.85207,-84.365765,0,8534cdf4-4b26-c4ee-3e08-9cde6521b845,65,GPS,-1,-1,319,45","2012-09-26T22:36:38.000-0400",65,0,319,"-1",22,26,36,september,38,wednesday,2012,local,"8534cdf4-4b26-c4ee-3e08-9cde6521b845",,"ip-10-34-107-159",main,"33.85207",1,GPS,"-84.365765","9/26/2012 10:36:38 PM","//_::_,.,-.,,----,,,-,-,,","NYRR_2012_07_01_thru_2012_09_27.csv","csv-7","-1","ip-10-34-107-159",21,,0
29,"9/26/2012 10:32:41 PM,43.7030059,-79.3784753,0,74ddfbc3-f1cc-69ff-cfe2-c9f7d46e9aaeb296,24,GPS,0,0,0,29","2012-09-26T22:32:41.000-0400",24,0,0,0,22,26,32,september,41,wednesday,2012,local,"74ddfbc3-f1cc-69ff-cfe2-c9f7d46e9aaeb296",,"ip-10-34-107-159",main,"43.7030059",1,GPS,"-79.3784753","9/26/2012 10:32:41 PM","//_::_,.,-.,,----,,,,,,","NYRR_2012_07_01_thru_2012_09_27.csv","csv-7",0,"ip-10-34-107-159",21,,0
100,"9/26/2012 10:30:02 PM,-40.905246,174.980625,0,d02b97ee-9864-e05c-a7ec-3ce18151593d,10,GPS,-1,-1,7,100","2012-09-26T22:30:02.000-0400",10,0,7,"-1",22,26,30,september,2,wednesday,2012,local,"d02b97ee-9864-e05c-a7ec-3ce18151593d",,"ip-10-34-107-159",main,"-40.905246",1,GPS,"174.980625","9/26/2012 10:30:02 PM","//_::_,-.,.,,----,,,-,-,,","NYRR_2012_07_01_thru_2012_09_27.csv","csv-7","-1","ip-10-34-107-159",21,,0
40,"9/26/2012 10:29:46 PM,10.499052,-66.880858,0,69256a7f-4e41-eafb-6933-7ec161ec3478,30,GPS,-1,0,900,40","2012-09-26T22:29:46.000-0400",30,0,900,"-1",22,26,29,september,46,wednesday,2012,local,"69256a7f-4e41-eafb-6933-7ec161ec3478",,"ip-10-34-107-159",main,"10.499052",1,GPS,"-66.880858","9/26/2012 10:29:46 PM","//_::_,.,-.,,----,,,-,,,","NYRR_2012_07_01_thru_2012_09_27.csv","csv-7",0,"ip-10-34-107-159",21,,0
80,"9/26/2012 10:29:13 PM,51.331472,12.36517,0,fe997c28-5a4a-4203-f7c2-68cc99d72b5c,30,GPS,-1,-1,122,80","2012-09-26T22:29:13.000-0400",30,0,122,"-1",22,26,29,september,13,wednesday,2012,local,"fe997c28-5a4a-4203-f7c2-68cc99d72b5c",,"ip-10-34-107-159",main,"51.331472",1,GPS,"12.36517","9/26/2012 10:29:13 PM","//_::_,.,.,,----,,,-,-,,","NYRR_2012_07_01_thru_2012_09_27.csv","csv-7","-1","ip-10-34-107-159",21,,0
65,"9/26/2012 10:28:08 PM,36.109334,-115.177032,0,5d7630bc-e33b-1ac8-670f-93e917303e14,30,WIFI,-1,-1,0,65","2012-09-26T22:28:08.000-0400",30,0,0,"-1",22,26,28,september,8,wednesday,2012,local,"5d7630bc-e33b-1ac8-670f-93e917303e14",,"ip-10-34-107-159",main,"36.109334",1,WIFI,"-115.177032","9/26/2012 10:28:08 PM","//_::_,.,-.,,----,,,-,-,,","NYRR_2012_07_01_thru_2012_09_27.csv","csv-7","-1","ip-10-34-107-159",21,,0
29,"9/26/2012 10:27:41 PM,43.7029433,-79.3784857,0,74ddfbc3-f1cc-69ff-cfe2-c9f7d46e9aaeb296,32,GPS,0,0,0,29","2012-09-26T22:27:41.000-0400",32,0,0,0,22,26,27,september,41,wednesday,2012,local,"74ddfbc3-f1cc-69ff-cfe2-c9f7d46e9aaeb296",,"ip-10-34-107-159",main,"43.7029433",1,GPS,"-79.3784857","9/26/2012 10:27:41 PM","//_::_,.,-.,,----,,,,,,","NYRR_2012_07_01_thru_2012_09_27.csv","csv-7",0,"ip-10-34-107-159",21,,0
5,"9/26/2012 10:25:14 PM,51.45339428,-0.211933831,0,f6ab899c-dcbd-abee-0a35-be9a865e177a,30,WIFI,-1,-1,0,5","2012-09-26T22:25:14.000-0400",30,0,0,"-1",22,26,25,september,14,wednesday,2012,local,"f6ab899c-dcbd-abee-0a35-be9a865e177a",,"ip-10-34-107-159",main,"51.45339428",1,WIFI,"-0.211933831","9/26/2012 10:25:14 PM","//_::_,.,-.,,----,,,-,-,,","NYRR_2012_07_01_thru_2012_09_27.csv","csv-7","-1","ip-10-34-107-159",21,,0
29,"9/26/2012 10:22:40 PM,43.7030057,-79.3784725,0,74ddfbc3-f1cc-69ff-cfe2-c9f7d46e9aaeb296,23,GPS,0,0,0,29","2012-09-26T22:22:40.000-0400",23,0,0,0,22,26,22,september,40,wednesday,2012,local,"74ddfbc3-f1cc-69ff-cfe2-c9f7d46e9aaeb296",,"ip-10-34-107-159",main,"43.7030057",1,GPS,"-79.3784725","9/26/2012 10:22:40 PM","//_::_,.,-.,,----,,,,,,","NYRR_2012_07_01_thru_2012_09_27.csv","csv-7",0,"ip-10-34-107-159",21,,0
40,"9/26/2012 10:22:07 PM,-37.707697,176.147648,0,2dfcf448-c7a3-7f9c-c25b-35b3abaa2eb2,30,WIFI,-1,-1,0,40","2012-09-26T22:22:07.000-0400",30,0,0,"-1",22,26,22,september,7,wednesday,2012,local,"2dfcf448-c7a3-7f9c-c25b-35b3abaa2eb2",,"ip-10-34-107-159",main,"-37.707697",1,WIFI,"176.147648","9/26/2012 10:22:07 PM","//_::_,-.,.,,----,,,-,-,,","NYRR_2012_07_01_thru_2012_09_27.csv","csv-7","-1","ip-10-34-107-159",21,,0
75,"9/26/2012 10:19:46 PM,40.737121,-73.995732,0,45b4aded-f749-4ab3-f8ae-ccd0dacfce9f,30,GPS,-1,0,72,75","2012-09-26T22:19:46.000-0400",30,0,72,"-1",22,26,19,september,46,wednesday,2012,local,"45b4aded-f749-4ab3-f8ae-ccd0dacfce9f",,"ip-10-34-107-159",main,"40.737121",1,GPS,"-73.995732","9/26/2012 10:19:46 PM","//_::_,.,-.,,----,,,-,,,","NYRR_2012_07_01_thru_2012_09_27.csv","csv-7",0,"ip-10-34-107-159",21,,0
29,"9/26/2012 10:17:39 PM,43.7030059,-79.3784754,0,74ddfbc3-f1cc-69ff-cfe2-c9f7d46e9aaeb296,24,GPS,0,0,0,29","2012-09-26T22:17:39.000-0400",24,0,0,0,22,26,17,september,39,wednesday,2012,local,"74ddfbc3-f1cc-69ff-cfe2-c9f7d46e9aaeb296",,"ip-10-34-107-159",main,"43.7030059",1,GPS,"-79.3784754","9/26/2012 10:17:39 PM","//_::_,.,-.,,----,,,,,,","NYRR_2012_07_01_thru_2012_09_27.csv","csv-7",0,"ip-10-34-107-159",21,,0
5,"9/26/2012 10:17:19 PM,45.219337,9.691839,0,36f5ff8a-1db4-8017-5d20-193d126bf6fe,30,GPS,-1,0,21,5","2012-09-26T22:17:19.000-0400",30,0,21,"-1",22,26,17,september,19,wednesday,2012,local,"36f5ff8a-1db4-8017-5d20-193d126bf6fe",,"ip-10-34-107-159",main,"45.219337",1,GPS,"9.691839","9/26/2012 10:17:19 PM","//_::_,.,.,,----,,,-,,,","NYRR_2012_07_01_thru_2012_09_27.csv","csv-7",0,"ip-10-34-107-159",21,,0
100,"9/26/2012 10:15:04 PM,-40.905224,174.980623,0,d02b97ee-9864-e05c-a7ec-3ce18151593d,30,GPS,-1,-1,6,100","2012-09-26T22:15:04.000-0400",30,0,6,"-1",22,26,15,september,4,wednesday,2012,local,"d02b97ee-9864-e05c-a7ec-3ce18151593d",,"ip-10-34-107-159",main,"-40.905224",1,GPS,"174.980623","9/26/2012 10:15:04 PM","//_::_,-.,.,,----,,,-,-,,","NYRR_2012_07_01_thru_2012_09_27.csv","csv-7","-1","ip-10-34-107-159",21,,0
29,"9/26/2012 10:12:38 PM,43.7030057,-79.3784725,0,74ddfbc3-f1cc-69ff-cfe2-c9f7d46e9aaeb296,23,GPS,0,0,0,29","2012-09-26T22:12:38.000-0400",23,0,0,0,22,26,12,september,38,wednesday,2012,local,"74ddfbc3-f1cc-69ff-cfe2-c9f7d46e9aaeb296",,"ip-10-34-107-159",main,"43.7030057",1,GPS,"-79.3784725","9/26/2012 10:12:38 PM","//_::_,.,-.,,----,,,,,,","NYRR_2012_07_01_thru_2012_09_27.csv","csv-7",0,"ip-10-34-107-159",21,,0
100,"9/26/2012 10:10:23 PM,34.351265,-92.906618,0,250e68fb-ed2e-4037-c8ec-302732264f58,30,GPS,-1,0,122,100","2012-09-26T22:10:23.000-0400",30,0,122,"-1",22,26,10,september,23,wednesday,2012,local,"250e68fb-ed2e-4037-c8ec-302732264f58",,"ip-10-34-107-159",main,"34.351265",1,GPS,"-92.906618","9/26/2012 10:10:23 PM","//_::_,.,-.,,----,,,-,,,","NYRR_2012_07_01_thru_2012_09_27.csv","csv-7",0,"ip-10-34-107-159",21,,0
29,"9/26/2012 10:07:38 PM,43.7030059,-79.3784755,0,74ddfbc3-f1cc-69ff-cfe2-c9f7d46e9aaeb296,24,GPS,0,0,0,29","2012-09-26T22:07:38.000-0400",24,0,0,0,22,26,7,september,38,wednesday,2012,local,"74ddfbc3-f1cc-69ff-cfe2-c9f7d46e9aaeb296",,"ip-10-34-107-159",main,"43.7030059",1,GPS,"-79.3784755","9/26/2012 10:07:38 PM","//_::_,.,-.,,----,,,,,,","NYRR_2012_07_01_thru_2012_09_27.csv","csv-7",0,"ip-10-34-107-159",21,,0
25,"9/26/2012 10:02:07 PM,-37.707692,176.147664,0,2dfcf448-c7a3-7f9c-c25b-35b3abaa2eb2,65,GPS,-1,-1,0,25","2012-09-26T22:02:07.000-0400",65,0,0,"-1",22,26,2,september,7,wednesday,2012,local,"2dfcf448-c7a3-7f9c-c25b-35b3abaa2eb2",,"ip-10-34-107-159",main,"-37.707692",1,GPS,"176.147664","9/26/2012 10:02:07 PM","//_::_,-.,.,,----,,,-,-,,","NYRR_2012_07_01_thru_2012_09_27.csv","csv-7","-1","ip-10-34-107-159",21,,0
85,"9/26/2012 10:00:19 PM,39.383328,-76.657629,0,b25d2250-7039-5a0c-181e-849261ec82ae,30,GPS,-1,0,149,85","2012-09-26T22:00:19.000-0400",30,0,149,"-1",22,26,0,september,19,wednesday,2012,local,"b25d2250-7039-5a0c-181e-849261ec82ae",,"ip-10-34-107-159",main,"39.383328",1,GPS,"-76.657629","9/26/2012 10:00:19 PM","//_::_,.,-.,,----,,,-,,,","NYRR_2012_07_01_thru_2012_09_27.csv","csv-7",0,"ip-10-34-107-159",21,,0
55,"9/26/2012 10:00:19 PM,41.028324,-73.604949,0,71a37ee7-857d-4b1e-5b35-4a5812357417,10,GPS,239,25,23,55","2012-09-26T22:00:19.000-0400",10,0,23,239,22,26,0,september,19,wednesday,2012,local,"71a37ee7-857d-4b1e-5b35-4a5812357417",,"ip-10-34-107-159",main,"41.028324",1,GPS,"-73.604949","9/26/2012 10:00:19 PM","//_::_,.,-.,,----,,,,,,","NYRR_2012_07_01_thru_2012_09_27.csv","csv-7",25,"ip-10-34-107-159",21,,0
100,"9/26/2012 10:00:04 PM,-40.90534,174.980698,0,d02b97ee-9864-e05c-a7ec-3ce18151593d,30,GPS,-1,0,0,100","2012-09-26T22:00:04.000-0400",30,0,0,"-1",22,26,0,september,4,wednesday,2012,local,"d02b97ee-9864-e05c-a7ec-3ce18151593d",,"ip-10-34-107-159",main,"-40.90534",1,GPS,"174.980698","9/26/2012 10:00:04 PM","//_::_,-.,.,,----,,,-,,,","NYRR_2012_07_01_thru_2012_09_27.csv","csv-7",0,"ip-10-34-107-159",21,,0
30,"9/26/2012 9:57:37 PM,43.702956,-79.3785374,0,74ddfbc3-f1cc-69ff-cfe2-c9f7d46e9aaeb296,23,GPS,0,0,0,30","2012-09-26T21:57:37.000-0400",23,0,0,0,21,26,57,september,37,wednesday,2012,local,"74ddfbc3-f1cc-69ff-cfe2-c9f7d46e9aaeb296",,"ip-10-34-107-159",main,"43.702956",1,GPS,"-79.3785374","9/26/2012 9:57:37 PM","//_::_,.,-.,,----,,,,,,","NYRR_2012_07_01_thru_2012_09_27.csv","csv-7",0,"ip-10-34-107-159",20,,0
30,"9/26/2012 9:52:37 PM,43.7030059,-79.3784753,0,74ddfbc3-f1cc-69ff-cfe2-c9f7d46e9aaeb296,24,GPS,0,0,0,30","2012-09-26T21:52:37.000-0400",24,0,0,0,21,26,52,september,37,wednesday,2012,local,"74ddfbc3-f1cc-69ff-cfe2-c9f7d46e9aaeb296",,"ip-10-34-107-159",main,"43.7030059",1,GPS,"-79.3784753","9/26/2012 9:52:37 PM","//_::_,.,-.,,----,,,,,,","NYRR_2012_07_01_thru_2012_09_27.csv","csv-7",0,"ip-10-34-107-159",20,,0
60,"9/26/2012 9:47:52 PM,40.814351,-73.99643,0,d4a6b353-3d6c-31f8-8dd8-7e6df567d57f,10,GPS,-1,-1,238,60","2012-09-26T21:47:52.000-0400",10,0,238,"-1",21,26,47,september,52,wednesday,2012,local,"d4a6b353-3d6c-31f8-8dd8-7e6df567d57f",,"ip-10-34-107-159",main,"40.814351",1,GPS,"-73.99643","9/26/2012 9:47:52 PM","//_::_,.,-.,,----,,,-,-,,","NYRR_2012_07_01_thru_2012_09_27.csv","csv-7","-1","ip-10-34-107-159",20,,0
30,"9/26/2012 9:47:37 PM,43.7030059,-79.3784757,0,74ddfbc3-f1cc-69ff-cfe2-c9f7d46e9aaeb296,27,GPS,0,0,0,30","2012-09-26T21:47:37.000-0400",27,0,0,0,21,26,47,september,37,wednesday,2012,local,"74ddfbc3-f1cc-69ff-cfe2-c9f7d46e9aaeb296",,"ip-10-34-107-159",main,"43.7030059",1,GPS,"-79.3784757","9/26/2012 9:47:37 PM","//_::_,.,-.,,----,,,,,,","NYRR_2012_07_01_thru_2012_09_27.csv","csv-7",0,"ip-10-34-107-159",20,,0
95,"9/26/2012 9:46:41 PM,40.74555,-73.19508,0,f688c576-0b47-24ad-88a1-c201fb65ac95,30,GPS,-1,-1,34,95","2012-09-26T21:46:41.000-0400",30,0,34,"-1",21,26,46,september,41,wednesday,2012,local,"f688c576-0b47-24ad-88a1-c201fb65ac95",,"ip-10-34-107-159",main,"40.74555",1,GPS,"-73.19508","9/26/2012 9:46:41 PM","//_::_,.,-.,,----,,,-,-,,","NYRR_2012_07_01_thru_2012_09_27.csv","csv-7","-1","ip-10-34-107-159",20,,0
